reviewr_name,reviewr_id,reviewr_url
マサマサ730629(0),003495454,https://tabelog.com/rvwr/003495454/
zavigon(0),zavigon,https://tabelog.com/rvwr/zavigon/
gozeera(1139),001842088,https://tabelog.com/rvwr/001842088/
あせか(1700),001558389,https://tabelog.com/rvwr/001558389/
りなおパパ(289),000740623,https://tabelog.com/rvwr/000740623/
Casual Gourmet Quest(2477),masahiko2013,https://tabelog.com/rvwr/masahiko2013/
ショウ井上(1877),000429531,https://tabelog.com/rvwr/000429531/
dty martini(63),000855845,https://tabelog.com/rvwr/000855845/
べっと(88),00031085,https://tabelog.com/rvwr/00031085/
食べ歩きSAN(1),001733002,https://tabelog.com/rvwr/001733002/
sakura-soba(223),000208041,https://tabelog.com/rvwr/000208041/
Kogutan(35),000367753,https://tabelog.com/rvwr/000367753/
古木ベガス(137),008159389,https://tabelog.com/rvwr/008159389/
いけのめだか(324),000540353,https://tabelog.com/rvwr/000540353/
けーる(270),004061227,https://tabelog.com/rvwr/004061227/
ウルトラーメンZ(10),000585980,https://tabelog.com/rvwr/000585980/
豚未満(109),butamiman,https://tabelog.com/rvwr/butamiman/
nroagohan(1),002272414,https://tabelog.com/rvwr/002272414/
おかめっこ(3),000544393,https://tabelog.com/rvwr/000544393/
Can☆(1),001759886,https://tabelog.com/rvwr/001759886/
タカマツ(0),000270761,https://tabelog.com/rvwr/000270761/
やまむやむなし(77),3313315,https://tabelog.com/rvwr/003313315/
ぷーにん３８(7),60740,https://tabelog.com/rvwr/000060740/
ぼん太くん(1),3323792,https://tabelog.com/rvwr/003323792/
薄野太郎(6),004674003,https://tabelog.com/rvwr/004674003/
keipapa(673),000220202,https://tabelog.com/rvwr/000220202/
点点点(1),002423836,https://tabelog.com/rvwr/002423836/
しおさい隣(0),011496893,https://tabelog.com/rvwr/011496893/
ken-sentakuya(0),007278612,https://tabelog.com/rvwr/007278612/
y-kai555(0),002198854,https://tabelog.com/rvwr/002198854/
コスパで評価(303),369763,https://tabelog.com/rvwr/000369763/
beatl603(14),2561718,https://tabelog.com/rvwr/002561718/
nao.20180304(82),011940230,https://tabelog.com/rvwr/011940230/
まさましゅらん(888),masamasyuran,https://tabelog.com/rvwr/masamasyuran/
fellow(43),fellow,https://tabelog.com/rvwr/fellow/
ニケ❤︎サモトラケ(244),008652683,https://tabelog.com/rvwr/008652683/
nabechawan(1358),001842213,https://tabelog.com/rvwr/001842213/
sbtk68(76),005494253,https://tabelog.com/rvwr/005494253/
capsulexxx(18),000885254,https://tabelog.com/rvwr/000885254/
m6295(0),011845618,https://tabelog.com/rvwr/011845618/
雑食猫爺(340),000166717,https://tabelog.com/rvwr/000166717/
キミト(0),006490602,https://tabelog.com/rvwr/006490602/
eishi6180(9),004209413,https://tabelog.com/rvwr/004209413/
☆eichan☆(193),010500196,https://tabelog.com/rvwr/010500196/
モカモカシュガー(0),001620357,https://tabelog.com/rvwr/001620357/
e51021(1),015270411,https://tabelog.com/rvwr/015270411/
0612.(5),004072278,https://tabelog.com/rvwr/004072278/
スペシャルクラブ(86),005039545,https://tabelog.com/rvwr/005039545/
ビブグル麺(303),005532074,https://tabelog.com/rvwr/005532074/
ekubo1993(11),002380191,https://tabelog.com/rvwr/002380191/
まーくん77989(5),010524066,https://tabelog.com/rvwr/010524066/
カオカオ385(26),003298269,https://tabelog.com/rvwr/003298269/
non_take(0),003839310,https://tabelog.com/rvwr/003839310/
n.y_(2),002022533,https://tabelog.com/rvwr/002022533/
m._.m_y._.y(11),005832762,https://tabelog.com/rvwr/005832762/
b-178413(1),007386451,https://tabelog.com/rvwr/007386451/
くぼうⅢ(0),002595338,https://tabelog.com/rvwr/002595338/
りょう、しょうのおやじ(0),005879793,https://tabelog.com/rvwr/005879793/
shintro19(5),006460756,https://tabelog.com/rvwr/006460756/
おりょう0517(6),006220118,https://tabelog.com/rvwr/006220118/
wahaha123(0),006944031,https://tabelog.com/rvwr/006944031/
hk.19779(0),004835351,https://tabelog.com/rvwr/004835351/
どら4518(0),001039901,https://tabelog.com/rvwr/001039901/
miro1637(1),000125985,https://tabelog.com/rvwr/000125985/
たけるん0904(0),001929321,https://tabelog.com/rvwr/001929321/
ミフオミアン(5),000661287,https://tabelog.com/rvwr/000661287/
まさみさん(0),004630419,https://tabelog.com/rvwr/004630419/
せくれたりー(234),000124946,https://tabelog.com/rvwr/000124946/
赤バイクの知蔵(738),000168630,https://tabelog.com/rvwr/000168630/
maka33(227),003381140,https://tabelog.com/rvwr/003381140/
直兵衛(31),001547040,https://tabelog.com/rvwr/001547040/
ref16610(22),ref16610,https://tabelog.com/rvwr/ref16610/
やえやんの小部屋(262),yaeyan,https://tabelog.com/rvwr/yaeyan/
original.glory(43),002483338,https://tabelog.com/rvwr/002483338/
あきぴこ@(5),005438212,https://tabelog.com/rvwr/005438212/
makorin117(6),004472153,https://tabelog.com/rvwr/004472153/
子連れdeごはん(1),010140274,https://tabelog.com/rvwr/010140274/
horitsu(3),008686988,https://tabelog.com/rvwr/008686988/
norimaki545(0),007155534,https://tabelog.com/rvwr/007155534/
ほんだまん(0),000957988,https://tabelog.com/rvwr/000957988/
うーろぐ(8),001998526,https://tabelog.com/rvwr/001998526/
ikuboo0804(5),004668801,https://tabelog.com/rvwr/004668801/
seiji901529(1),003300520,https://tabelog.com/rvwr/003300520/
RENCON(21),svillage2002,https://tabelog.com/rvwr/svillage2002/
Andy.S(1324),002490130,https://tabelog.com/rvwr/002490130/
hiptomo(0),002879455,https://tabelog.com/rvwr/002879455/
noble hero(4),001568168,https://tabelog.com/rvwr/001568168/
猶(85),009637216,https://tabelog.com/rvwr/009637216/
hidekennyx(1),008636092,https://tabelog.com/rvwr/008636092/
なおチッチキ(20),006173067,https://tabelog.com/rvwr/006173067/
へそへそ(142),003345369,https://tabelog.com/rvwr/003345369/
carlo.com(15),003266549,https://tabelog.com/rvwr/003266549/
なおゆ～(0),006105241,https://tabelog.com/rvwr/006105241/
たばぷ(18),003215517,https://tabelog.com/rvwr/003215517/
oziek3(13),003836126,https://tabelog.com/rvwr/003836126/
yoo29(0),002983059,https://tabelog.com/rvwr/002983059/
myomyo.z(0),003739258,https://tabelog.com/rvwr/003739258/
serena86(4),001391820,https://tabelog.com/rvwr/001391820/
まじん1234(0),007727295,https://tabelog.com/rvwr/007727295/
kengo0203(0),001470245,https://tabelog.com/rvwr/001470245/
ts396948(0),005204234,https://tabelog.com/rvwr/005204234/
みかん( •̅_•̅ )(32),003410415,https://tabelog.com/rvwr/003410415/
宇宙へ飛んだ、そして意識の裏側へ(0),006475571,https://tabelog.com/rvwr/006475571/
icchiy62(4),003540649,https://tabelog.com/rvwr/003540649/
sifa(2),001770028,https://tabelog.com/rvwr/001770028/
h_sigel(2302),002669566,https://tabelog.com/rvwr/002669566/
yoshikun0625(0),000751016,https://tabelog.com/rvwr/000751016/
ちぇり(569),000071542,https://tabelog.com/rvwr/000071542/
マサえもん(1219),a26ma3emon,https://tabelog.com/rvwr/a26ma3emon/
sa110299(1),009719991,https://tabelog.com/rvwr/009719991/
のあちんです。(16),seiri2shine,https://tabelog.com/rvwr/seiri2shine/
北狐(5),001704046,https://tabelog.com/rvwr/001704046/
お台場の女神(2),002121610,https://tabelog.com/rvwr/002121610/
きぃ⊂((・x・))⊃(1),001720939,https://tabelog.com/rvwr/001720939/
千葉杏花(165),005605008,https://tabelog.com/rvwr/005605008/
yukaco_hy(0),001018008,https://tabelog.com/rvwr/001018008/
mygourmet(2),011843958,https://tabelog.com/rvwr/011843958/
もこれお(0),004173463,https://tabelog.com/rvwr/004173463/
食べ歩きT@ka.(803),tabelogtaka,https://tabelog.com/rvwr/tabelogtaka/
masa_marcy(140),003688889,https://tabelog.com/rvwr/003688889/
battl283(9),006013885,https://tabelog.com/rvwr/006013885/
kai.j207(0),005336985,https://tabelog.com/rvwr/005336985/
y.kiwi(268),ykiwi,https://tabelog.com/rvwr/ykiwi/
まんおじ(360),001477769,https://tabelog.com/rvwr/001477769/
カフェモカ男(7744),002909887,https://tabelog.com/rvwr/002909887/
ジオモル(1414),geomol,https://tabelog.com/rvwr/geomol/
hiro0827(2137),000370729,https://tabelog.com/rvwr/000370729/
fulcrum(373),000353296,https://tabelog.com/rvwr/000353296/
ソーヴィニヨンブラン(0),012783183,https://tabelog.com/rvwr/012783183/
phili204(842),007187921,https://tabelog.com/rvwr/007187921/
デ・ゼッサント(38),001555249,https://tabelog.com/rvwr/001555249/
moekot0601(1),005138357,https://tabelog.com/rvwr/005138357/
YumiN(20),010360887,https://tabelog.com/rvwr/010360887/
ありれい(1583),001668639,https://tabelog.com/rvwr/001668639/
モーパパ(2505),001036254,https://tabelog.com/rvwr/001036254/
Green⭐︎Green(39),001170849,https://tabelog.com/rvwr/001170849/
モニカのパパ(0),001822966,https://tabelog.com/rvwr/001822966/
しょこらび(81),mcz1004,https://tabelog.com/rvwr/mcz1004/
jnt.1(0),003022939,https://tabelog.com/rvwr/003022939/
テビリ(0),000191715,https://tabelog.com/rvwr/000191715/
Chabi(4),chabi,https://tabelog.com/rvwr/chabi/
70モンスターエナジー(0),8155871,https://tabelog.com/rvwr/008155871/
tyokuzen2007(0),733556,https://tabelog.com/rvwr/000733556/
あすか37312(0),20204380,https://tabelog.com/rvwr/020204380/
BI(300),1522105,https://tabelog.com/rvwr/001522105/
hirame31(0),3937941,https://tabelog.com/rvwr/003937941/
あやこす(0),1055250,https://tabelog.com/rvwr/001055250/
ささきはん(0),3996536,https://tabelog.com/rvwr/003996536/
三枝兄さん(1),000196177,https://tabelog.com/rvwr/000196177/
志摩燐(0),001073250,https://tabelog.com/rvwr/001073250/
cancam(1),000481804,https://tabelog.com/rvwr/000481804/
わがままダーリン(1),002403177,https://tabelog.com/rvwr/002403177/
_M_i_k_i_(1),miki39,https://tabelog.com/rvwr/miki39/
INNUENDO(470),001929280,https://tabelog.com/rvwr/001929280/
bbtgg438(0),497188,https://tabelog.com/rvwr/000497188/
kkkkk575y(0),3846799,https://tabelog.com/rvwr/003846799/
麻衣ちゃんの執事(279),000471040,https://tabelog.com/rvwr/000471040/
tontom(474),001857851,https://tabelog.com/rvwr/001857851/
teruyuki555(1392),002865351,https://tabelog.com/rvwr/002865351/
1210401(3),001592539,https://tabelog.com/rvwr/001592539/
じみけん(151),jimiken,https://tabelog.com/rvwr/jimiken/
まるのしん(2),000137254,https://tabelog.com/rvwr/000137254/
㈲亀仙人(1538),000421098,https://tabelog.com/rvwr/000421098/
kaori623148(0),005987838,https://tabelog.com/rvwr/005987838/
vivimyan(1),003242979,https://tabelog.com/rvwr/003242979/
ＫＡＢＡ４６(17),tarochoro,https://tabelog.com/rvwr/tarochoro/
ぴのちゃん(0),pinochan,https://tabelog.com/rvwr/pinochan/
きむてつ(1),001785522,https://tabelog.com/rvwr/001785522/
penny504(0),007529188,https://tabelog.com/rvwr/007529188/
mashi964(0),1314357,https://tabelog.com/rvwr/001314357/
eb2002621(3551),302504,https://tabelog.com/rvwr/000302504/
apnrm(0),3149704,https://tabelog.com/rvwr/003149704/
0189_(0),13325762,https://tabelog.com/rvwr/013325762/
y-k.3(0),6510971,https://tabelog.com/rvwr/006510971/
ポプ子とピピ美(2),004585520,https://tabelog.com/rvwr/004585520/
tomomi331(6),000102921,https://tabelog.com/rvwr/000102921/
mari4584(0),004021905,https://tabelog.com/rvwr/004021905/
とらきち＠ＰＦＣ(91),000368729,https://tabelog.com/rvwr/000368729/
わちきん(1226),000409005,https://tabelog.com/rvwr/000409005/
ニャーイチ(91),002359751,https://tabelog.com/rvwr/002359751/
ハヤシライスはもやし入り(64),001966501,https://tabelog.com/rvwr/001966501/
yachi693(0),011087019,https://tabelog.com/rvwr/011087019/
A子のグルメ(0),014823268,https://tabelog.com/rvwr/014823268/
72119d(0),015468836,https://tabelog.com/rvwr/015468836/
hisaukulele(0),000780249,https://tabelog.com/rvwr/000780249/
teiyo669(0),002001437,https://tabelog.com/rvwr/002001437/
ざきかん(5),003481451,https://tabelog.com/rvwr/003481451/
edsj9(4),005081660,https://tabelog.com/rvwr/005081660/
spade0909(4),001633329,https://tabelog.com/rvwr/001633329/
たつーん2525(0),001960527,https://tabelog.com/rvwr/001960527/
tammym(0),002501033,https://tabelog.com/rvwr/002501033/
photomania(20),photomania,https://tabelog.com/rvwr/photomania/
Mu4466(0),008307366,https://tabelog.com/rvwr/008307366/
Sunacchi(0),005486858,https://tabelog.com/rvwr/005486858/
shosaku.N(504),003481589,https://tabelog.com/rvwr/003481589/
イチゴ狩り(210),000730720,https://tabelog.com/rvwr/000730720/
綾波レイちゃん(1),00020038,https://tabelog.com/rvwr/00020038/
一太郎マクド(3),qaz1234567,https://tabelog.com/rvwr/qaz1234567/
リラ♪(0),00033201,https://tabelog.com/rvwr/00033201/
出張トラベラー☆AKI☆(430),000752576,https://tabelog.com/rvwr/000752576/
taneuma(8),000477233,https://tabelog.com/rvwr/000477233/
トティ男(4),000405826,https://tabelog.com/rvwr/000405826/
tabinosora(49),000060416,https://tabelog.com/rvwr/000060416/
obesity_odyssey(386),000056166,https://tabelog.com/rvwr/000056166/
kat3（かつてんトラベル）(651),005343307,https://tabelog.com/rvwr/005343307/
やっす ５(26),000606574,https://tabelog.com/rvwr/000606574/
pota443(0),pota443,https://tabelog.com/rvwr/pota443/
chevy2(624),000525742,https://tabelog.com/rvwr/000525742/
るみ克(0),007653853,https://tabelog.com/rvwr/007653853/
wencanpapa(52),000403753,https://tabelog.com/rvwr/000403753/
愛知のりんちゃん(31),00031156,https://tabelog.com/rvwr/00031156/
yuyu55(21),000313296,https://tabelog.com/rvwr/000313296/
飼い猫の銀太(17),000073505,https://tabelog.com/rvwr/000073505/
半熟たまご#(8),003396102,https://tabelog.com/rvwr/003396102/
銀のリモワ(4),000055931,https://tabelog.com/rvwr/000055931/
Moto0929(0),007279432,https://tabelog.com/rvwr/007279432/
越0302(0),011756165,https://tabelog.com/rvwr/011756165/
hideg742(0),009904501,https://tabelog.com/rvwr/009904501/
joice(157),003006466,https://tabelog.com/rvwr/003006466/
ilovedmh(0),002966706,https://tabelog.com/rvwr/002966706/
赤い彗星のシャア！(1),003270429,https://tabelog.com/rvwr/003270429/
おべんとう(0),000395491,https://tabelog.com/rvwr/000395491/
ルージュ(9),rouge,https://tabelog.com/rvwr/rouge/
Gianni Giannini(267),ierioggidomani1963rusconi,https://tabelog.com/rvwr/ierioggidomani1963rusconi/
ゆうたろさん(0),000384555,https://tabelog.com/rvwr/000384555/
きっしー1210(0),007097409,https://tabelog.com/rvwr/007097409/
柊月リンク(6),006189057,https://tabelog.com/rvwr/006189057/
kozzy1226(0),003453244,https://tabelog.com/rvwr/003453244/
もちょこい(7),004562696,https://tabelog.com/rvwr/004562696/
日本代表11(0),005087496,https://tabelog.com/rvwr/005087496/
msrca(2),003815070,https://tabelog.com/rvwr/003815070/
ろっそ115(0),003391941,https://tabelog.com/rvwr/003391941/
naoyuki.y(1),001312701,https://tabelog.com/rvwr/001312701/
こだら(3),00006590,https://tabelog.com/rvwr/00006590/
バーテンダー(3),000073410,https://tabelog.com/rvwr/000073410/
maa.a(1),003009807,https://tabelog.com/rvwr/003009807/
友崎(0),009922609,https://tabelog.com/rvwr/009922609/
なしの極み乙女(1),004831843,https://tabelog.com/rvwr/004831843/
kate818(0),002404423,https://tabelog.com/rvwr/002404423/
かとまさ(598),81669,https://tabelog.com/rvwr/000081669/
としま(1),240222,https://tabelog.com/rvwr/000240222/
a2929(238),2285723,https://tabelog.com/rvwr/002285723/
greeeentea(126),3886012,https://tabelog.com/rvwr/003886012/
aichanyancha(1),3277329,https://tabelog.com/rvwr/003277329/
tatun912(49),8234554,https://tabelog.com/rvwr/008234554/
ヨウ ハン(7),5480125,https://tabelog.com/rvwr/005480125/
magica(54),151092,https://tabelog.com/rvwr/000151092/
yt2015(0),7733305,https://tabelog.com/rvwr/007733305/
taket381(0),1622211,https://tabelog.com/rvwr/001622211/
gleyc(0),8861954,https://tabelog.com/rvwr/008861954/
owata599(1),8998807,https://tabelog.com/rvwr/008998807/
まじりん(636),611345,https://tabelog.com/rvwr/000611345/
can164jp(50),3712278,https://tabelog.com/rvwr/003712278/
牧村拓(219),006222933,https://tabelog.com/rvwr/006222933/
retta1968(34),retta,https://tabelog.com/rvwr/retta/
のぐてぃ(1595),nogutea,https://tabelog.com/rvwr/nogutea/
枝豆の真ん中(1096),001866788,https://tabelog.com/rvwr/001866788/
馬事公苑(518),00031190,https://tabelog.com/rvwr/00031190/
jun_chin(1399),003035781,https://tabelog.com/rvwr/003035781/
tamtam0306(524),1512179,https://tabelog.com/rvwr/001512179/
rogerhata(2),003109768,https://tabelog.com/rvwr/003109768/
ぐるめ倶楽部(26),001248042,https://tabelog.com/rvwr/001248042/
Lee-y(197),008845459,https://tabelog.com/rvwr/008845459/
blauwiese_21(0),002470330,https://tabelog.com/rvwr/002470330/
yawara-daisukiman(2),001145293,https://tabelog.com/rvwr/001145293/
あやとsweetworld(3),sweetworld,https://tabelog.com/rvwr/sweetworld/
かったん8392(6),004059693,https://tabelog.com/rvwr/004059693/
chibikuro28(8),003465710,https://tabelog.com/rvwr/003465710/
まっぷる2525(0),002774400,https://tabelog.com/rvwr/002774400/
8-5-0(19),8438564,https://tabelog.com/rvwr/008438564/
conta743(0),11957506,https://tabelog.com/rvwr/011957506/
アンドレ３０００(1055),167319,https://tabelog.com/rvwr/000167319/
マダム・チェチーリア(3475),000462091,https://tabelog.com/rvwr/000462091/
シロイヌナズナ(5),000110294,https://tabelog.com/rvwr/000110294/
sin.cos.tan.(2),011106342,https://tabelog.com/rvwr/011106342/
きりんの気持ち(2138),000745717,https://tabelog.com/rvwr/000745717/
居眠ぱんだ(1182),pandacafe,https://tabelog.com/rvwr/pandacafe/
Jyouro(2290),001066845,https://tabelog.com/rvwr/001066845/
吾唯足知(86),000469822,https://tabelog.com/rvwr/000469822/
samson888(11),000406970,https://tabelog.com/rvwr/000406970/
さばの塩焼き定食(398),012061212,https://tabelog.com/rvwr/012061212/
kboz(16),000983127,https://tabelog.com/rvwr/000983127/
yamam133(0),006623345,https://tabelog.com/rvwr/006623345/
じゅんじゅん3010(156),004155397,https://tabelog.com/rvwr/004155397/
noble_minded(663),000384657,https://tabelog.com/rvwr/000384657/
ミクロくん(4),001164395,https://tabelog.com/rvwr/001164395/
AMETHYST(11),001767775,https://tabelog.com/rvwr/001767775/
新店ハンター(359),009954580,https://tabelog.com/rvwr/009954580/
ゆいかーん(338),yuikaaaaaan,https://tabelog.com/rvwr/yuikaaaaaan/
howdo桃do(138),003164537,https://tabelog.com/rvwr/003164537/
P0822(30),011588040,https://tabelog.com/rvwr/011588040/
うーにゃー(9),008758098,https://tabelog.com/rvwr/008758098/
いちゃりばちょ～でぇ～(93),000637294,https://tabelog.com/rvwr/000637294/
きゃしこ♪(26),009769945,https://tabelog.com/rvwr/009769945/
ざっく13401(0),002968735,https://tabelog.com/rvwr/002968735/
JeWel(0),003737698,https://tabelog.com/rvwr/003737698/
omame1031(0),010522493,https://tabelog.com/rvwr/010522493/
ikeshin(19),002135716,https://tabelog.com/rvwr/002135716/
bashidai(0),000065699,https://tabelog.com/rvwr/000065699/
fuji3203(128),002938043,https://tabelog.com/rvwr/002938043/
bbst(1),003018948,https://tabelog.com/rvwr/003018948/
べーしか(0),003669434,https://tabelog.com/rvwr/003669434/
もぴもり(0),009776342,https://tabelog.com/rvwr/009776342/
takanori0081(0),3583802,https://tabelog.com/rvwr/003583802/
食べ歩き2019(0),9706793,https://tabelog.com/rvwr/009706793/
白鳥大橋(0),001648136,https://tabelog.com/rvwr/001648136/
lik11(0),6286346,https://tabelog.com/rvwr/006286346/
40194c96379(0),20459402,https://tabelog.com/rvwr/020459402/
Maruzensky(0),9412605,https://tabelog.com/rvwr/009412605/
yoshiari(0),5057210,https://tabelog.com/rvwr/005057210/
ラーメン大好きおみなちゃん(1),9155373,https://tabelog.com/rvwr/009155373/
あっかグルメ(0),14211141,https://tabelog.com/rvwr/014211141/
アク02(0),12399676,https://tabelog.com/rvwr/012399676/
kuishinbou33(1857),000119733,https://tabelog.com/rvwr/000119733/
大型経理マン(377),chanpon1,https://tabelog.com/rvwr/chanpon1/
どすこいクリゲン(889),002491688,https://tabelog.com/rvwr/002491688/
ぱぱらっちマダム(3502),000570275,https://tabelog.com/rvwr/000570275/
mori-no-kuma(325),000193142,https://tabelog.com/rvwr/000193142/
鼻毛男(176),001552751,https://tabelog.com/rvwr/001552751/
朔哉(56),001912989,https://tabelog.com/rvwr/001912989/
食欲こそ生命(1434),002119889,https://tabelog.com/rvwr/002119889/
チョコチョコっち(127),002103555,https://tabelog.com/rvwr/002103555/
hikari8707(369),005891471,https://tabelog.com/rvwr/005891471/
たけちゃんぱぱ1965(417),002200230,https://tabelog.com/rvwr/002200230/
ファウルペルツ(2154),20051116dr,https://tabelog.com/rvwr/20051116dr/
ひろえBANANA(354),005975846,https://tabelog.com/rvwr/005975846/
孤高の千葉グルメの中の人(1084),kcg,https://tabelog.com/rvwr/kcg/
セルジ(2424),001251337,https://tabelog.com/rvwr/001251337/
y_rec(568),003297907,https://tabelog.com/rvwr/003297907/
たべ もぐか(219),009265999,https://tabelog.com/rvwr/009265999/
tyantatsu(236),003481928,https://tabelog.com/rvwr/003481928/
yoshimin+(6627),000412676,https://tabelog.com/rvwr/000412676/
ひでまるカロリー(52),003399441,https://tabelog.com/rvwr/003399441/
ガティレポ55(4),004551133,https://tabelog.com/rvwr/004551133/
さすらいの旅人・全国各地孤独のグルメ(5705),003252708,https://tabelog.com/rvwr/003252708/
とかチルト(29),007286149,https://tabelog.com/rvwr/007286149/
すずふぉとりっぷ(129),001800301,https://tabelog.com/rvwr/001800301/
きらめきパンチ(1410),000977950,https://tabelog.com/rvwr/000977950/
高天乃葉綴(1),higherskywords,https://tabelog.com/rvwr/higherskywords/
▼・ᴥ・▼ marron(49),montblancauxmarrons,https://tabelog.com/rvwr/montblancauxmarrons/
こけし∞(86),004335937,https://tabelog.com/rvwr/004335937/
hekota(1058),000237528,https://tabelog.com/rvwr/000237528/
まなせか(132),000790908,https://tabelog.com/rvwr/000790908/
バイクでブー(101),001275215,https://tabelog.com/rvwr/001275215/
杏子さん(22),000322356,https://tabelog.com/rvwr/000322356/
まるとみや(868),000535753,https://tabelog.com/rvwr/000535753/
黒ひまわり(35),000763197,https://tabelog.com/rvwr/000763197/
かずい。(14),001061510,https://tabelog.com/rvwr/001061510/
新潟　ケンシン(381),00039524,https://tabelog.com/rvwr/00039524/
nortebell(2549),000719400,https://tabelog.com/rvwr/000719400/
旅人ログ(140),003550599,https://tabelog.com/rvwr/003550599/
nmsjca(626),00041659,https://tabelog.com/rvwr/00041659/
よっしー♫(10418),001459573,https://tabelog.com/rvwr/001459573/
アカンな～同好会(83),6969696969,https://tabelog.com/rvwr/6969696969/
LOV(5),000675701,https://tabelog.com/rvwr/000675701/
ちよまるさん(1716),002018300,https://tabelog.com/rvwr/002018300/
りんりんりりん(848),000422341,https://tabelog.com/rvwr/000422341/
ヤツハシ(2),001642138,https://tabelog.com/rvwr/001642138/
kyon0924(447),000197507,https://tabelog.com/rvwr/000197507/
ゴンからの手紙(590),letterfromgon,https://tabelog.com/rvwr/letterfromgon/
kapuya(119),001020279,https://tabelog.com/rvwr/001020279/
-nobo.nobo-(83),001759905,https://tabelog.com/rvwr/001759905/
上海レモネード(66),000497636,https://tabelog.com/rvwr/000497636/
ぽこぺん(62),000059702,https://tabelog.com/rvwr/000059702/
マーサ(1517),maasa,https://tabelog.com/rvwr/maasa/
にょにょにょにょにょ(12),000531758,https://tabelog.com/rvwr/000531758/
waraton(1157),waraton,https://tabelog.com/rvwr/waraton/
aminaminn(14),000268482,https://tabelog.com/rvwr/000268482/
なかじ＠みっこ(41),000316665,https://tabelog.com/rvwr/000316665/
みちのく五郎(2110),000267377,https://tabelog.com/rvwr/000267377/
Ginger711(263),shogayaki,https://tabelog.com/rvwr/shogayaki/
ともも ・囚・(7),000713899,https://tabelog.com/rvwr/000713899/
大炎上カトウ(71),000249694,https://tabelog.com/rvwr/000249694/
saiworld(530),000609142,https://tabelog.com/rvwr/000609142/
たかちゃんｗ(252),cafedo,https://tabelog.com/rvwr/cafedo/
joe1(26),joe1,https://tabelog.com/rvwr/joe1/
slop2007(11),000204402,https://tabelog.com/rvwr/000204402/
シータとパズ(573),000304659,https://tabelog.com/rvwr/000304659/
ぷりけっつ(15),000224399,https://tabelog.com/rvwr/000224399/
Yukino Nara(1223),000077511,https://tabelog.com/rvwr/000077511/
katu_g3000(18),000147327,https://tabelog.com/rvwr/000147327/
Yossii(41),000517010,https://tabelog.com/rvwr/000517010/
CRゆな(29),00047191,https://tabelog.com/rvwr/00047191/